[{"pos_x": 196.780309, "pos_y": -168.249995, "rotation": 60.0, "side": "top", "designator": "TP1", "mpn": null, "pack": "TestPoint_Pad_4.0x4.0mm", "value": "+", "mount_type": "tht", "place": true}, {"pos_x": 203.860303, "pos_y": -147.020002, "rotation": 90.0, "side": "top", "designator": "U3", "mpn": null, "pack": "TO255P1040X460X2890-3", "value": "L7805CV-DG", "mount_type": "tht", "place": true}, {"pos_x": 184.360304, "pos_y": -185.770001, "rotation": -90.0, "side": "top", "designator": "U1", "mpn": null, "pack": "LQFP-32_7x7mm_P0.8mm", "value": "STM32G0B1KCTx", "mount_type": "smt", "place": true}, {"pos_x": 160.562688, "pos_y": -173.001259, "rotation": 0.0, "side": "top", "designator": "TP13", "mpn": null, "pack": "TestPoint_Pad_D3.0mm", "value": "TestPoint", "mount_type": "tht", "place": true}, {"pos_x": 178.743717, "pos_y": -203.750943, "rotation": 0.0, "side": "top", "designator": "TP14", "mpn": null, "pack": "TestPoint_Pad_D3.0mm", "value": "TestPoint", "mount_type": "tht", "place": true}, {"pos_x": 221.910385, "pos_y": -203.750942, "rotation": 0.0, "side": "top", "designator": "TP15", "mpn": null, "pack": "TestPoint_Pad_D3.0mm", "value": "TestPoint", "mount_type": "tht", "place": true}, {"pos_x": 171.354354, "pos_y": -154.309543, "rotation": 150.0, "side": "top", "designator": "J3", "mpn": null, "pack": "PinHeader_1x02_P2.54mm_Vertical", "value": "Conn_01x02_Pin", "mount_type": "tht", "place": true}, {"pos_x": 187.860308, "pos_y": -165.02, "rotation": -90.0, "side": "top", "designator": "U4", "mpn": null, "pack": "TO255P1040X460X2890-3", "value": "uA78M33C", "mount_type": "tht", "place": true}, {"pos_x": 200.32705, "pos_y": -203.750944, "rotation": -90.0, "side": "top", "designator": "J2", "mpn": null, "pack": "PinHeader_1x02_P2.54mm_Vertical", "value": "Conn_01x02_Pin", "mount_type": "tht", "place": true}, {"pos_x": 184.360307, "pos_y": -179.019995, "rotation": 180.0, "side": "top", "designator": "C1", "mpn": null, "pack": "C_0402_1005Metric_Pad0.74x0.62mm_HandSolder", "value": "100n", "mount_type": "smt", "place": true}, {"pos_x": 196.860296, "pos_y": -147.170003, "rotation": -90.0, "side": "top", "designator": "U2", "mpn": null, "pack": "TO255P1040X460X2890-3", "value": "L7805CV-DG", "mount_type": "tht", "place": true}, {"pos_x": 200.280306, "pos_y": -174.35, "rotation": 180.0, "side": "top", "designator": "TP3", "mpn": null, "pack": "TestPoint_Pad_4.0x4.0mm", "value": "+", "mount_type": "tht", "place": true}, {"pos_x": 218.399536, "pos_y": -134.983431, "rotation": 0.0, "side": "top", "designator": "TP4", "mpn": null, "pack": "TestPoint_Pad_D3.0mm", "value": "TestPoint", "mount_type": "tht", "place": true}, {"pos_x": 182.146024, "pos_y": -135.617828, "rotation": 0.0, "side": "top", "designator": "TP6", "mpn": null, "pack": "TestPoint_Pad_D3.0mm", "value": "TestPoint", "mount_type": "tht", "place": true}, {"pos_x": 239.982869, "pos_y": -172.366861, "rotation": 0.0, "side": "top", "designator": "TP5", "mpn": null, "pack": "TestPoint_Pad_D3.0mm", "value": "TestPoint", "mount_type": "tht", "place": true}, {"pos_x": 222.5803, "pos_y": -178.880296, "rotation": -30.0, "side": "top", "designator": "J1", "mpn": null, "pack": "PinHeader_1x04_P2.54mm_Horizontal", "value": "Conn_01x04_Pin", "mount_type": "tht", "place": true}, {"pos_x": 203.780307, "pos_y": -168.250001, "rotation": -60.0, "side": "top", "designator": "TP2", "mpn": null, "pack": "TestPoint_Pad_4.0x4.0mm", "value": "+", "mount_type": "tht", "place": true}, {"pos_x": 229.191201, "pos_y": -153.675143, "rotation": 30.0, "side": "top", "designator": "J4", "mpn": null, "pack": "PinHeader_1x02_P2.54mm_Vertical", "value": "Conn_01x02_Pin", "mount_type": "tht", "place": true}, {"pos_x": 211.860305, "pos_y": -158.520002, "rotation": 90.0, "side": "top", "designator": "C2", "mpn": null, "pack": "CP_Radial_D6.3mm_P2.50mm", "value": "220u", "mount_type": "tht", "place": true}, {"pos_x": 243.581504, "pos_y": -195.25, "rotation": 180.0, "side": "bottom", "designator": "D11", "mpn": null, "pack": "LED_WS2812B_PLCC4_5.0x5.0mm_P3.2mm", "value": "WS2812B", "mount_type": "smt", "place": true}, {"pos_x": 211.105602, "pos_y": -139.000004, "rotation": 180.0, "side": "bottom", "designator": "D3", "mpn": null, "pack": "LED_WS2812B_PLCC4_5.0x5.0mm_P3.2mm", "value": "WS2812B", "mount_type": "smt", "place": true}, {"pos_x": 156.979104, "pos_y": -195.250001, "rotation": 180.0, "side": "bottom", "designator": "D15", "mpn": null, "pack": "LED_WS2812B_PLCC4_5.0x5.0mm_P3.2mm", "value": "WS2812B", "mount_type": "smt", "place": true}, {"pos_x": 211.105602, "pos_y": -176.500002, "rotation": 180.0, "side": "bottom", "designator": "D9", "mpn": null, "pack": "LED_WS2812B_PLCC4_5.0x5.0mm_P3.2mm", "value": "WS2812B", "mount_type": "smt", "place": true}, {"pos_x": 189.455001, "pos_y": -176.500001, "rotation": 180.0, "side": "bottom", "designator": "D8", "mpn": null, "pack": "LED_WS2812B_PLCC4_5.0x5.0mm_P3.2mm", "value": "WS2812B", "mount_type": "smt", "place": true}, {"pos_x": 200.280306, "pos_y": -157.749996, "rotation": 180.0, "side": "bottom", "designator": "D5", "mpn": null, "pack": "LED_WS2812B_PLCC4_5.0x5.0mm_P3.2mm", "value": "WS2812B", "mount_type": "smt", "place": true}, {"pos_x": 232.554351, "pos_y": -176.500001, "rotation": 180.0, "side": "bottom", "designator": "D10", "mpn": null, "pack": "LED_WS2812B_PLCC4_5.0x5.0mm_P3.2mm", "value": "WS2812B", "mount_type": "smt", "place": true}, {"pos_x": 200.280304, "pos_y": -120.250002, "rotation": 180.0, "side": "bottom", "designator": "D1", "mpn": null, "pack": "LED_WS2812B_PLCC4_5.0x5.0mm_P3.2mm", "value": "WS2812B", "mount_type": "smt", "place": true}, {"pos_x": 178.629705, "pos_y": -157.749998, "rotation": 180.0, "side": "bottom", "designator": "D6", "mpn": null, "pack": "LED_WS2812B_PLCC4_5.0x5.0mm_P3.2mm", "value": "WS2812B", "mount_type": "smt", "place": true}, {"pos_x": 221.930903, "pos_y": -195.250003, "rotation": 180.0, "side": "bottom", "designator": "D12", "mpn": null, "pack": "LED_WS2812B_PLCC4_5.0x5.0mm_P3.2mm", "value": "WS2812B", "mount_type": "smt", "place": true}, {"pos_x": 178.629708, "pos_y": -195.249998, "rotation": 180.0, "side": "bottom", "designator": "D14", "mpn": null, "pack": "LED_WS2812B_PLCC4_5.0x5.0mm_P3.2mm", "value": "WS2812B", "mount_type": "smt", "place": true}, {"pos_x": 200.280306, "pos_y": -195.249999, "rotation": 180.0, "side": "bottom", "designator": "D13", "mpn": null, "pack": "LED_WS2812B_PLCC4_5.0x5.0mm_P3.2mm", "value": "WS2812B", "mount_type": "smt", "place": true}, {"pos_x": 189.455001, "pos_y": -139.000001, "rotation": 180.0, "side": "bottom", "designator": "D2", "mpn": null, "pack": "LED_WS2812B_PLCC4_5.0x5.0mm_P3.2mm", "value": "WS2812B", "mount_type": "smt", "place": true}, {"pos_x": 221.930899, "pos_y": -157.750005, "rotation": 180.0, "side": "bottom", "designator": "D4", "mpn": null, "pack": "LED_WS2812B_PLCC4_5.0x5.0mm_P3.2mm", "value": "WS2812B", "mount_type": "smt", "place": true}, {"pos_x": 168.006252, "pos_y": -176.500002, "rotation": 180.0, "side": "bottom", "designator": "D7", "mpn": null, "pack": "LED_WS2812B_PLCC4_5.0x5.0mm_P3.2mm", "value": "WS2812B", "mount_type": "smt", "place": true}]