[{"pos_x": 200.92, "pos_y": -162.23, "rotation": 60.0, "side": "top", "designator": "TP1", "mpn": null, "pack": "TestPoint_Pad_4.0x4.0mm", "value": "+", "mount_type": "tht", "place": true}, {"pos_x": 204.79, "pos_y": -146.2, "rotation": 180.0, "side": "top", "designator": "U2", "mpn": null, "pack": "TO255P1040X460X2890-3", "value": "L7805CV-DG", "mount_type": "tht", "place": true}, {"pos_x": 232.71, "pos_y": -143.649104, "rotation": 30.0, "side": "top", "designator": "J2", "mpn": null, "pack": "PinHeader_1x04_P2.54mm_Vertical", "value": "Conn_01x04_Pin", "mount_type": "tht", "place": true}, {"pos_x": 188.65, "pos_y": -173.04, "rotation": 180.0, "side": "top", "designator": "C1", "mpn": null, "pack": "C_0402_1005Metric_Pad0.74x0.62mm_HandSolder", "value": "100n", "mount_type": "smt", "place": true}, {"pos_x": 190.56, "pos_y": -160.08, "rotation": 180.0, "side": "top", "designator": "C3", "mpn": null, "pack": "C_0402_1005Metric_Pad0.74x0.62mm_HandSolder", "value": "1u", "mount_type": "smt", "place": true}, {"pos_x": 208.21, "pos_y": -199.23, "rotation": -90.0, "side": "top", "designator": "J4", "mpn": null, "pack": "PinHeader_1x04_P2.54mm_Vertical", "value": "Conn_01x04_Pin", "mount_type": "tht", "place": true}, {"pos_x": 204.42, "pos_y": -168.33, "rotation": 180.0, "side": "top", "designator": "TP3", "mpn": null, "pack": "TestPoint_Pad_4.0x4.0mm", "value": "+", "mount_type": "tht", "place": true}, {"pos_x": 191.27, "pos_y": -156.32, "rotation": -90.0, "side": "top", "designator": "U3", "mpn": null, "pack": "SOT-23-5", "value": "TLV70033_SOT23-5", "mount_type": "smt", "place": true}, {"pos_x": 226.72, "pos_y": -172.860295, "rotation": -30.0, "side": "top", "designator": "J1", "mpn": null, "pack": "PinHeader_1x04_P2.54mm_Horizontal", "value": "Conn_01x04_Pin", "mount_type": "tht", "place": true}, {"pos_x": 191.82, "pos_y": -150.84, "rotation": 180.0, "side": "top", "designator": "C2", "mpn": null, "pack": "C_0402_1005Metric_Pad0.74x0.62mm_HandSolder", "value": "1u", "mount_type": "smt", "place": true}, {"pos_x": 207.92, "pos_y": -162.23, "rotation": -60.0, "side": "top", "designator": "TP2", "mpn": null, "pack": "TestPoint_Pad_4.0x4.0mm", "value": "+", "mount_type": "tht", "place": true}, {"pos_x": 172.44, "pos_y": -150.260897, "rotation": 150.0, "side": "top", "designator": "J3", "mpn": null, "pack": "PinHeader_1x04_P2.54mm_Vertical", "value": "Conn_01x04_Pin", "mount_type": "tht", "place": true}, {"pos_x": 188.64, "pos_y": -179.39, "rotation": -90.0, "side": "top", "designator": "U1", "mpn": null, "pack": "LQFP-32_7x7mm_P0.8mm", "value": "STM32G0B1KCTx", "mount_type": "smt", "place": true}, {"pos_x": 247.7212, "pos_y": -189.23, "rotation": 180.0, "side": "bottom", "designator": "D11", "mpn": null, "pack": "LED_WS2812B_PLCC4_5.0x5.0mm_P3.2mm", "value": "WS2812B", "mount_type": "smt", "place": true}, {"pos_x": 215.2453, "pos_y": -132.98, "rotation": 180.0, "side": "bottom", "designator": "D3", "mpn": null, "pack": "LED_WS2812B_PLCC4_5.0x5.0mm_P3.2mm", "value": "WS2812B", "mount_type": "smt", "place": true}, {"pos_x": 161.1188, "pos_y": -189.23, "rotation": 180.0, "side": "bottom", "designator": "D15", "mpn": null, "pack": "LED_WS2812B_PLCC4_5.0x5.0mm_P3.2mm", "value": "WS2812B", "mount_type": "smt", "place": true}, {"pos_x": 215.2453, "pos_y": -170.48, "rotation": 180.0, "side": "bottom", "designator": "D9", "mpn": null, "pack": "LED_WS2812B_PLCC4_5.0x5.0mm_P3.2mm", "value": "WS2812B", "mount_type": "smt", "place": true}, {"pos_x": 193.5947, "pos_y": -170.48, "rotation": 180.0, "side": "bottom", "designator": "D8", "mpn": null, "pack": "LED_WS2812B_PLCC4_5.0x5.0mm_P3.2mm", "value": "WS2812B", "mount_type": "smt", "place": true}, {"pos_x": 204.42, "pos_y": -151.73, "rotation": 180.0, "side": "bottom", "designator": "D5", "mpn": null, "pack": "LED_WS2812B_PLCC4_5.0x5.0mm_P3.2mm", "value": "WS2812B", "mount_type": "smt", "place": true}, {"pos_x": 236.69405, "pos_y": -170.48, "rotation": 180.0, "side": "bottom", "designator": "D10", "mpn": null, "pack": "LED_WS2812B_PLCC4_5.0x5.0mm_P3.2mm", "value": "WS2812B", "mount_type": "smt", "place": true}, {"pos_x": 204.42, "pos_y": -114.23, "rotation": 180.0, "side": "bottom", "designator": "D1", "mpn": null, "pack": "LED_WS2812B_PLCC4_5.0x5.0mm_P3.2mm", "value": "WS2812B", "mount_type": "smt", "place": true}, {"pos_x": 182.7694, "pos_y": -151.73, "rotation": 180.0, "side": "bottom", "designator": "D6", "mpn": null, "pack": "LED_WS2812B_PLCC4_5.0x5.0mm_P3.2mm", "value": "WS2812B", "mount_type": "smt", "place": true}, {"pos_x": 226.0706, "pos_y": -189.23, "rotation": 180.0, "side": "bottom", "designator": "D12", "mpn": null, "pack": "LED_WS2812B_PLCC4_5.0x5.0mm_P3.2mm", "value": "WS2812B", "mount_type": "smt", "place": true}, {"pos_x": 182.7694, "pos_y": -189.23, "rotation": 180.0, "side": "bottom", "designator": "D14", "mpn": null, "pack": "LED_WS2812B_PLCC4_5.0x5.0mm_P3.2mm", "value": "WS2812B", "mount_type": "smt", "place": true}, {"pos_x": 204.42, "pos_y": -189.23, "rotation": 180.0, "side": "bottom", "designator": "D13", "mpn": null, "pack": "LED_WS2812B_PLCC4_5.0x5.0mm_P3.2mm", "value": "WS2812B", "mount_type": "smt", "place": true}, {"pos_x": 193.5947, "pos_y": -132.98, "rotation": 180.0, "side": "bottom", "designator": "D2", "mpn": null, "pack": "LED_WS2812B_PLCC4_5.0x5.0mm_P3.2mm", "value": "WS2812B", "mount_type": "smt", "place": true}, {"pos_x": 226.0706, "pos_y": -151.73, "rotation": 180.0, "side": "bottom", "designator": "D4", "mpn": null, "pack": "LED_WS2812B_PLCC4_5.0x5.0mm_P3.2mm", "value": "WS2812B", "mount_type": "smt", "place": true}, {"pos_x": 172.14595, "pos_y": -170.48, "rotation": 180.0, "side": "bottom", "designator": "D7", "mpn": null, "pack": "LED_WS2812B_PLCC4_5.0x5.0mm_P3.2mm", "value": "WS2812B", "mount_type": "smt", "place": true}]